{"cameraMode":{"drawMode":0,"name":"Shaded","section":"Shading Mode"},"sceneLighting":true,"audioPlay":false,"sceneViewState":{"showFog":true,"showMaterialUpdate":false,"showSkybox":true,"showFlares":true,"showImageEffects":true,"showParticleSystems":true},"in2DMode":false,"pivot":{"x":5.263554573059082,"y":8.453081130981446,"z":0.29795074462890627},"rotation":{"x":0.04763774946331978,"y":-0.9362973570823669,"z":0.31914734840393069,"w":0.14005443453788758},"size":33.23578643798828,"orthographic":false}