{"cameraMode":{"drawMode":0,"name":"Shaded","section":"Shading Mode"},"sceneLighting":false,"audioPlay":false,"sceneViewState":{"showFog":true,"showMaterialUpdate":false,"showSkybox":false,"showFlares":true,"showImageEffects":true,"showParticleSystems":true},"in2DMode":false,"pivot":{"x":3.5322265625,"y":2.731109619140625,"z":17.33416748046875},"rotation":{"x":-0.01109299436211586,"y":0.6729589104652405,"z":0.010096317157149315,"w":0.7395373582839966},"size":14.514517784118653,"orthographic":true}