{"cameraMode":{"drawMode":0,"name":"Shaded","section":"Shading Mode"},"sceneLighting":false,"audioPlay":false,"sceneViewState":{"showFog":true,"showMaterialUpdate":false,"showSkybox":false,"showFlares":true,"showImageEffects":true,"showParticleSystems":true},"in2DMode":false,"pivot":{"x":0.9566540718078613,"y":0.09841164946556092,"z":10.324139595031739},"rotation":{"x":0.005045861471444368,"y":0.7412489056587219,"z":-0.005548125132918358,"w":0.6712309718132019},"size":5.424559116363525,"orthographic":false}