{"cameraMode":{"drawMode":0,"name":"Shaded","section":"Shading Mode"},"sceneLighting":false,"audioPlay":false,"sceneViewState":{"showFog":true,"showMaterialUpdate":false,"showSkybox":false,"showFlares":true,"showImageEffects":true,"showParticleSystems":true},"in2DMode":false,"pivot":{"x":-1.4067730903625489,"y":0.07405459880828858,"z":0.5331035256385803},"rotation":{"x":-0.05436581373214722,"y":0.738197386264801,"z":0.05992526188492775,"w":0.6697163581848145},"size":6.756566047668457,"orthographic":false}