{"cameraMode":{"drawMode":0,"name":"Shaded","section":"Shading Mode"},"sceneLighting":false,"audioPlay":false,"sceneViewState":{"showFog":true,"showMaterialUpdate":false,"showSkybox":false,"showFlares":true,"showImageEffects":true,"showParticleSystems":true},"in2DMode":false,"pivot":{"x":10.0,"y":-0.9638439416885376,"z":0.2369999885559082},"rotation":{"x":0.10125908255577088,"y":-0.759065568447113,"z":0.12171892076730728,"w":0.6314742565155029},"size":7.185558795928955,"orthographic":true}