{"cameraMode":{"drawMode":0,"name":"Shaded","section":"Shading Mode"},"sceneLighting":false,"audioPlay":false,"sceneViewState":{"showFog":true,"showMaterialUpdate":false,"showSkybox":false,"showFlares":true,"showImageEffects":true,"showParticleSystems":true},"in2DMode":false,"pivot":{"x":0.0,"y":-0.3499999940395355,"z":9.569999694824219},"rotation":{"x":-0.00006029297583154403,"y":-0.7073131799697876,"z":0.00010818014561664313,"w":-0.7069003582000732},"size":9.102473258972168,"orthographic":true}