{"cameraMode":{"drawMode":0,"name":"Shaded","section":"Shading Mode"},"sceneLighting":false,"audioPlay":false,"sceneViewState":{"showFog":true,"showMaterialUpdate":false,"showSkybox":false,"showFlares":true,"showImageEffects":true,"showParticleSystems":true},"in2DMode":false,"pivot":{"x":0.06022927165031433,"y":0.03945761173963547,"z":2.4381065368652345},"rotation":{"x":0.019033554941415788,"y":0.709022581577301,"z":-0.01915844902396202,"w":0.7046698927879334},"size":7.622064113616943,"orthographic":true}