{"cameraMode":{"drawMode":0,"name":"Shaded","section":"Shading Mode"},"sceneLighting":false,"audioPlay":false,"sceneViewState":{"showFog":true,"showMaterialUpdate":false,"showSkybox":false,"showFlares":true,"showImageEffects":true,"showParticleSystems":true},"in2DMode":false,"pivot":{"x":0.7607421875,"y":0.468170166015625,"z":10.640380859375},"rotation":{"x":-0.0010816194117069245,"y":-0.730251669883728,"z":0.0012053482932969928,"w":-0.6831790208816528},"size":11.702954292297364,"orthographic":false}