{"cameraMode":{"drawMode":0,"name":"Shaded","section":"Shading Mode"},"sceneLighting":false,"audioPlay":false,"sceneViewState":{"showFog":true,"showMaterialUpdate":false,"showSkybox":false,"showFlares":true,"showImageEffects":true,"showParticleSystems":true},"in2DMode":false,"pivot":{"x":0.06022927165031433,"y":0.03945761173963547,"z":2.4381065368652345},"rotation":{"x":0.000002923890860984102,"y":0.7071625590324402,"z":-0.00001021574735204922,"w":0.7070510387420654},"size":2.5880258083343508,"orthographic":true}