{"cameraMode":{"drawMode":0,"name":"Shaded","section":"Shading Mode"},"sceneLighting":false,"audioPlay":false,"sceneViewState":{"showFog":true,"showMaterialUpdate":false,"showSkybox":false,"showFlares":true,"showImageEffects":true,"showParticleSystems":true},"in2DMode":false,"pivot":{"x":0.6535115242004395,"y":-0.38290148973464968,"z":6.1967668533325199},"rotation":{"x":0.03832199051976204,"y":0.18419788777828217,"z":-0.007187416777014732,"w":0.982115626335144},"size":4.203239440917969,"orthographic":true}