{"cameraMode":{"drawMode":0,"name":"Shaded","section":"Shading Mode"},"sceneLighting":true,"audioPlay":false,"sceneViewState":{"showFog":true,"showMaterialUpdate":false,"showSkybox":false,"showFlares":true,"showImageEffects":true,"showParticleSystems":true},"in2DMode":false,"pivot":{"x":0.14595729112625123,"y":-0.43628352880477908,"z":1.4048547744750977},"rotation":{"x":0.10684750974178314,"y":0.8379347920417786,"z":-0.17728762328624726,"w":0.505017876625061},"size":8.473675727844239,"orthographic":false}