{"cameraMode":{"drawMode":0,"name":"Shaded","section":"Shading Mode"},"sceneLighting":false,"audioPlay":false,"sceneViewState":{"showFog":true,"showMaterialUpdate":false,"showSkybox":false,"showFlares":true,"showImageEffects":true,"showParticleSystems":true},"in2DMode":false,"pivot":{"x":-0.5006961822509766,"y":-0.35036325454711916,"z":1.4327281713485718},"rotation":{"x":0.12313887476921082,"y":0.5602825880050659,"z":-0.0846782922744751,"w":0.814753532409668},"size":6.60146427154541,"orthographic":false}