{"cameraMode":{"drawMode":0,"name":"Shaded","section":"Shading Mode"},"sceneLighting":false,"audioPlay":false,"sceneViewState":{"showFog":true,"showMaterialUpdate":false,"showSkybox":false,"showFlares":true,"showImageEffects":true,"showParticleSystems":true},"in2DMode":false,"pivot":{"x":0.14994052052497865,"y":-1.2352992296218873,"z":-0.1146889328956604},"rotation":{"x":0.15135985612869264,"y":0.6390426754951477,"z":-0.1302085667848587,"w":0.7428695559501648},"size":3.750711441040039,"orthographic":false}