{"cameraMode":{"drawMode":0,"name":"Shaded","section":"Shading Mode"},"sceneLighting":false,"audioPlay":false,"sceneViewState":{"showFog":true,"showMaterialUpdate":false,"showSkybox":false,"showFlares":true,"showImageEffects":true,"showParticleSystems":true},"in2DMode":false,"pivot":{"x":0.7607421875,"y":0.468170166015625,"z":10.640380859375},"rotation":{"x":-0.11060420423746109,"y":-0.32011860609054568,"z":0.037696704268455508,"w":-0.9401447176933289},"size":16.153696060180665,"orthographic":false}