{"cameraMode":{"drawMode":0,"name":"Shaded","section":"Shading Mode"},"sceneLighting":false,"audioPlay":false,"sceneViewState":{"showFog":true,"showMaterialUpdate":false,"showSkybox":false,"showFlares":true,"showImageEffects":true,"showParticleSystems":true},"in2DMode":false,"pivot":{"x":0.6535115242004395,"y":-0.38290148973464968,"z":6.1967668533325199},"rotation":{"x":0.0031676373910158874,"y":0.7102745771408081,"z":-0.003196329576894641,"w":0.7039102911949158},"size":4.899425029754639,"orthographic":true}