{"cameraMode":{"drawMode":0,"name":"Shaded","section":"Shading Mode"},"sceneLighting":true,"audioPlay":false,"sceneViewState":{"showFog":true,"showMaterialUpdate":false,"showSkybox":false,"showFlares":true,"showImageEffects":true,"showParticleSystems":true},"in2DMode":false,"pivot":{"x":-0.25000181794166567,"y":-0.25,"z":15.000001907348633},"rotation":{"x":-0.12052099406719208,"y":0.7322133779525757,"z":-0.13437756896018983,"w":-0.6567268371582031},"size":19.186492919921876,"orthographic":false}