{"cameraMode":{"drawMode":0,"name":"Shaded","section":"Shading Mode"},"sceneLighting":false,"audioPlay":false,"sceneViewState":{"showFog":true,"showMaterialUpdate":false,"showSkybox":false,"showFlares":true,"showImageEffects":true,"showParticleSystems":true},"in2DMode":false,"pivot":{"x":1.1160902976989747,"y":-0.9249845743179321,"z":0.42612898349761965},"rotation":{"x":-0.2293139547109604,"y":-0.5805032849311829,"z":0.17481954395771027,"w":-0.761509358882904},"size":10.387248039245606,"orthographic":false}