{"cameraMode":{"drawMode":0,"name":"Shaded","section":"Shading Mode"},"sceneLighting":false,"audioPlay":false,"sceneViewState":{"showFog":true,"showMaterialUpdate":false,"showSkybox":false,"showFlares":true,"showImageEffects":true,"showParticleSystems":true},"in2DMode":false,"pivot":{"x":-0.008985992521047593,"y":0.041613124310970309,"z":0.01172218844294548},"rotation":{"x":0.13495415449142457,"y":0.2405032217502594,"z":-0.033584486693143848,"w":0.9608145952224731},"size":0.37183624505996706,"orthographic":false}