{"cameraMode":{"drawMode":0,"name":"Shaded","section":"Shading Mode"},"sceneLighting":true,"audioPlay":false,"sceneViewState":{"showFog":true,"showMaterialUpdate":false,"showSkybox":false,"showFlares":true,"showImageEffects":true,"showParticleSystems":true},"in2DMode":false,"pivot":{"x":0.8123037219047546,"y":0.7140914797782898,"z":1.2266552448272706},"rotation":{"x":-0.12052099406719208,"y":0.7322133779525757,"z":-0.13437756896018983,"w":-0.6567268371582031},"size":0.6723955869674683,"orthographic":false}