{"cameraMode":{"drawMode":0,"name":"Shaded","section":"Shading Mode"},"sceneLighting":true,"audioPlay":false,"sceneViewState":{"showFog":true,"showMaterialUpdate":false,"showSkybox":false,"showFlares":true,"showImageEffects":true,"showParticleSystems":true},"in2DMode":false,"pivot":{"x":0.14595729112625123,"y":-0.43628352880477908,"z":1.4048547744750977},"rotation":{"x":0.2763502299785614,"y":0.42222797870635989,"z":-0.13688474893569947,"w":0.8524309992790222},"size":5.5997090339660648,"orthographic":false}