{"cameraMode":{"drawMode":0,"name":"Shaded","section":"Shading Mode"},"sceneLighting":false,"audioPlay":false,"sceneViewState":{"showFog":true,"showMaterialUpdate":false,"showSkybox":false,"showFlares":true,"showImageEffects":true,"showParticleSystems":true},"in2DMode":false,"pivot":{"x":0.22584788501262666,"y":0.3602689504623413,"z":-0.30527305603027346},"rotation":{"x":0.26014623045921328,"y":0.38671135902404787,"z":-0.11412499099969864,"w":0.8775295615196228},"size":8.596405029296875,"orthographic":false}