{"cameraMode":{"drawMode":0,"name":"Shaded","section":"Shading Mode"},"sceneLighting":false,"audioPlay":false,"sceneViewState":{"showFog":true,"showMaterialUpdate":false,"showSkybox":false,"showFlares":true,"showImageEffects":true,"showParticleSystems":true},"in2DMode":false,"pivot":{"x":0.0844966471195221,"y":-0.365548312664032,"z":0.5311412811279297},"rotation":{"x":0.01866784691810608,"y":0.7226038575172424,"z":-0.01950431987643242,"w":0.6907652020454407},"size":4.638862609863281,"orthographic":false}