{"cameraMode":{"drawMode":0,"name":"Shaded","section":"Shading Mode"},"sceneLighting":false,"audioPlay":false,"sceneViewState":{"showFog":true,"showMaterialUpdate":false,"showSkybox":false,"showFlares":true,"showImageEffects":true,"showParticleSystems":true},"in2DMode":false,"pivot":{"x":0.06022927165031433,"y":0.03945761173963547,"z":2.4381065368652345},"rotation":{"x":-0.01704082265496254,"y":0.7037718296051025,"z":0.016883673146367074,"w":0.7100222706794739},"size":7.622064113616943,"orthographic":true}