{"cameraMode":{"drawMode":0,"name":"Shaded","section":"Shading Mode"},"sceneLighting":true,"audioPlay":false,"sceneViewState":{"showFog":true,"showMaterialUpdate":false,"showSkybox":false,"showFlares":true,"showImageEffects":true,"showParticleSystems":true},"in2DMode":false,"pivot":{"x":0.14595729112625123,"y":-0.43628352880477908,"z":1.4048547744750977},"rotation":{"x":0.18466666340827943,"y":0.7438579797744751,"z":-0.2288838028907776,"w":0.6001753807067871},"size":20.18378448486328,"orthographic":false}